USE `12306`;
START TRANSACTION;
INSERT INTO seat (seat_id, coach_id, seat_no, seat_class) VALUES (8, 1, '1C', 'FIRST_CLASS');
INSERT INTO seat_allocation (allocation_id, schedule_id, seat_id, status) VALUES (6, 1, 8, 'AVAILABLE');
INSERT INTO seat (seat_id, coach_id, seat_no, seat_class) VALUES (9, 1, '1D', 'FIRST_CLASS');
INSERT INTO seat_allocation (allocation_id, schedule_id, seat_id, status) VALUES (7, 1, 9, 'AVAILABLE');
INSERT INTO seat (seat_id, coach_id, seat_no, seat_class) VALUES (10, 1, '1F', 'FIRST_CLASS');
INSERT INTO seat_allocation (allocation_id, schedule_id, seat_id, status) VALUES (8, 1, 10, 'AVAILABLE');
INSERT INTO seat (seat_id, coach_id, seat_no, seat_class) VALUES (11, 1, '2A', 'FIRST_CLASS');
INSERT INTO seat_allocation (allocation_id, schedule_id, seat_id, status) VALUES (9, 1, 11, 'AVAILABLE');
INSERT INTO seat (seat_id, coach_id, seat_no, seat_class) VALUES (12, 1, '2C', 'FIRST_CLASS');
INSERT INTO seat_allocation (allocation_id, schedule_id, seat_id, status) VALUES (10, 1, 12, 'AVAILABLE');
INSERT INTO seat (seat_id, coach_id, seat_no, seat_class) VALUES (13, 1, '2D', 'FIRST_CLASS');
INSERT INTO seat_allocation (allocation_id, schedule_id, seat_id, status) VALUES (11, 1, 13, 'AVAILABLE');
INSERT INTO seat (seat_id, coach_id, seat_no, seat_class) VALUES (14, 1, '2F', 'FIRST_CLASS');
INSERT INTO seat_allocation (allocation_id, schedule_id, seat_id, status) VALUES (12, 1, 14, 'AVAILABLE');
INSERT INTO seat (seat_id, coach_id, seat_no, seat_class) VALUES (15, 1, '3A', 'FIRST_CLASS');
INSERT INTO seat_allocation (allocation_id, schedule_id, seat_id, status) VALUES (13, 1, 15, 'AVAILABLE');
INSERT INTO seat (seat_id, coach_id, seat_no, seat_class) VALUES (16, 1, '3C', 'FIRST_CLASS');
INSERT INTO seat_allocation (allocation_id, schedule_id, seat_id, status) VALUES (14, 1, 16, 'AVAILABLE');
INSERT INTO seat (seat_id, coach_id, seat_no, seat_class) VALUES (17, 1, '3D', 'FIRST_CLASS');
INSERT INTO seat_allocation (allocation_id, schedule_id, seat_id, status) VALUES (15, 1, 17, 'AVAILABLE');
INSERT INTO seat (seat_id, coach_id, seat_no, seat_class) VALUES (18, 1, '3F', 'FIRST_CLASS');
INSERT INTO seat_allocation (allocation_id, schedule_id, seat_id, status) VALUES (16, 1, 18, 'AVAILABLE');
INSERT INTO seat (seat_id, coach_id, seat_no, seat_class) VALUES (19, 1, '4A', 'FIRST_CLASS');
INSERT INTO seat_allocation (allocation_id, schedule_id, seat_id, status) VALUES (17, 1, 19, 'AVAILABLE');
INSERT INTO seat (seat_id, coach_id, seat_no, seat_class) VALUES (20, 1, '4C', 'FIRST_CLASS');
INSERT INTO seat_allocation (allocation_id, schedule_id, seat_id, status) VALUES (18, 1, 20, 'AVAILABLE');
INSERT INTO seat (seat_id, coach_id, seat_no, seat_class) VALUES (21, 1, '4D', 'FIRST_CLASS');
INSERT INTO seat_allocation (allocation_id, schedule_id, seat_id, status) VALUES (19, 1, 21, 'AVAILABLE');
INSERT INTO seat (seat_id, coach_id, seat_no, seat_class) VALUES (22, 1, '4F', 'FIRST_CLASS');
INSERT INTO seat_allocation (allocation_id, schedule_id, seat_id, status) VALUES (20, 1, 22, 'AVAILABLE');
INSERT INTO seat (seat_id, coach_id, seat_no, seat_class) VALUES (23, 1, '5A', 'FIRST_CLASS');
INSERT INTO seat_allocation (allocation_id, schedule_id, seat_id, status) VALUES (21, 1, 23, 'AVAILABLE');
INSERT INTO seat (seat_id, coach_id, seat_no, seat_class) VALUES (24, 1, '5C', 'FIRST_CLASS');
INSERT INTO seat_allocation (allocation_id, schedule_id, seat_id, status) VALUES (22, 1, 24, 'AVAILABLE');
INSERT INTO seat (seat_id, coach_id, seat_no, seat_class) VALUES (25, 1, '5D', 'FIRST_CLASS');
INSERT INTO seat_allocation (allocation_id, schedule_id, seat_id, status) VALUES (23, 1, 25, 'AVAILABLE');
INSERT INTO seat (seat_id, coach_id, seat_no, seat_class) VALUES (26, 1, '5F', 'FIRST_CLASS');
INSERT INTO seat_allocation (allocation_id, schedule_id, seat_id, status) VALUES (24, 1, 26, 'AVAILABLE');
INSERT INTO seat (seat_id, coach_id, seat_no, seat_class) VALUES (27, 2, '1A', 'SECOND_CLASS');
INSERT INTO seat_allocation (allocation_id, schedule_id, seat_id, status) VALUES (25, 1, 27, 'AVAILABLE');
INSERT INTO seat (seat_id, coach_id, seat_no, seat_class) VALUES (28, 2, '1B', 'SECOND_CLASS');
INSERT INTO seat_allocation (allocation_id, schedule_id, seat_id, status) VALUES (26, 1, 28, 'AVAILABLE');
INSERT INTO seat (seat_id, coach_id, seat_no, seat_class) VALUES (29, 2, '1C', 'SECOND_CLASS');
INSERT INTO seat_allocation (allocation_id, schedule_id, seat_id, status) VALUES (27, 1, 29, 'AVAILABLE');
INSERT INTO seat (seat_id, coach_id, seat_no, seat_class) VALUES (30, 2, '1E', 'SECOND_CLASS');
INSERT INTO seat_allocation (allocation_id, schedule_id, seat_id, status) VALUES (28, 1, 30, 'AVAILABLE');
INSERT INTO seat (seat_id, coach_id, seat_no, seat_class) VALUES (31, 2, '1F', 'SECOND_CLASS');
INSERT INTO seat_allocation (allocation_id, schedule_id, seat_id, status) VALUES (29, 1, 31, 'AVAILABLE');
INSERT INTO seat (seat_id, coach_id, seat_no, seat_class) VALUES (32, 2, '2A', 'SECOND_CLASS');
INSERT INTO seat_allocation (allocation_id, schedule_id, seat_id, status) VALUES (30, 1, 32, 'AVAILABLE');
INSERT INTO seat (seat_id, coach_id, seat_no, seat_class) VALUES (33, 2, '2B', 'SECOND_CLASS');
INSERT INTO seat_allocation (allocation_id, schedule_id, seat_id, status) VALUES (31, 1, 33, 'AVAILABLE');
INSERT INTO seat (seat_id, coach_id, seat_no, seat_class) VALUES (34, 2, '2C', 'SECOND_CLASS');
INSERT INTO seat_allocation (allocation_id, schedule_id, seat_id, status) VALUES (32, 1, 34, 'AVAILABLE');
INSERT INTO seat (seat_id, coach_id, seat_no, seat_class) VALUES (35, 2, '2E', 'SECOND_CLASS');
INSERT INTO seat_allocation (allocation_id, schedule_id, seat_id, status) VALUES (33, 1, 35, 'AVAILABLE');
INSERT INTO seat (seat_id, coach_id, seat_no, seat_class) VALUES (36, 2, '2F', 'SECOND_CLASS');
INSERT INTO seat_allocation (allocation_id, schedule_id, seat_id, status) VALUES (34, 1, 36, 'AVAILABLE');
INSERT INTO seat (seat_id, coach_id, seat_no, seat_class) VALUES (37, 2, '3A', 'SECOND_CLASS');
INSERT INTO seat_allocation (allocation_id, schedule_id, seat_id, status) VALUES (35, 1, 37, 'AVAILABLE');
INSERT INTO seat (seat_id, coach_id, seat_no, seat_class) VALUES (38, 2, '3B', 'SECOND_CLASS');
INSERT INTO seat_allocation (allocation_id, schedule_id, seat_id, status) VALUES (36, 1, 38, 'AVAILABLE');
INSERT INTO seat (seat_id, coach_id, seat_no, seat_class) VALUES (39, 2, '3C', 'SECOND_CLASS');
INSERT INTO seat_allocation (allocation_id, schedule_id, seat_id, status) VALUES (37, 1, 39, 'AVAILABLE');
INSERT INTO seat (seat_id, coach_id, seat_no, seat_class) VALUES (40, 2, '3E', 'SECOND_CLASS');
INSERT INTO seat_allocation (allocation_id, schedule_id, seat_id, status) VALUES (38, 1, 40, 'AVAILABLE');
INSERT INTO seat (seat_id, coach_id, seat_no, seat_class) VALUES (41, 2, '3F', 'SECOND_CLASS');
INSERT INTO seat_allocation (allocation_id, schedule_id, seat_id, status) VALUES (39, 1, 41, 'AVAILABLE');
INSERT INTO seat (seat_id, coach_id, seat_no, seat_class) VALUES (42, 2, '4A', 'SECOND_CLASS');
INSERT INTO seat_allocation (allocation_id, schedule_id, seat_id, status) VALUES (40, 1, 42, 'AVAILABLE');
INSERT INTO seat (seat_id, coach_id, seat_no, seat_class) VALUES (43, 2, '4B', 'SECOND_CLASS');
INSERT INTO seat_allocation (allocation_id, schedule_id, seat_id, status) VALUES (41, 1, 43, 'AVAILABLE');
INSERT INTO seat (seat_id, coach_id, seat_no, seat_class) VALUES (44, 2, '4C', 'SECOND_CLASS');
INSERT INTO seat_allocation (allocation_id, schedule_id, seat_id, status) VALUES (42, 1, 44, 'AVAILABLE');
INSERT INTO seat (seat_id, coach_id, seat_no, seat_class) VALUES (45, 2, '4E', 'SECOND_CLASS');
INSERT INTO seat_allocation (allocation_id, schedule_id, seat_id, status) VALUES (43, 1, 45, 'AVAILABLE');
INSERT INTO seat (seat_id, coach_id, seat_no, seat_class) VALUES (46, 2, '4F', 'SECOND_CLASS');
INSERT INTO seat_allocation (allocation_id, schedule_id, seat_id, status) VALUES (44, 1, 46, 'AVAILABLE');
INSERT INTO seat (seat_id, coach_id, seat_no, seat_class) VALUES (47, 2, '5C', 'SECOND_CLASS');
INSERT INTO seat_allocation (allocation_id, schedule_id, seat_id, status) VALUES (45, 1, 47, 'AVAILABLE');
INSERT INTO seat (seat_id, coach_id, seat_no, seat_class) VALUES (48, 2, '5E', 'SECOND_CLASS');
INSERT INTO seat_allocation (allocation_id, schedule_id, seat_id, status) VALUES (46, 1, 48, 'AVAILABLE');
INSERT INTO seat (seat_id, coach_id, seat_no, seat_class) VALUES (49, 2, '5F', 'SECOND_CLASS');
INSERT INTO seat_allocation (allocation_id, schedule_id, seat_id, status) VALUES (47, 1, 49, 'AVAILABLE');
INSERT INTO seat (seat_id, coach_id, seat_no, seat_class) VALUES (50, 2, '6B', 'SECOND_CLASS');
INSERT INTO seat_allocation (allocation_id, schedule_id, seat_id, status) VALUES (48, 1, 50, 'AVAILABLE');
INSERT INTO seat (seat_id, coach_id, seat_no, seat_class) VALUES (51, 2, '6C', 'SECOND_CLASS');
INSERT INTO seat_allocation (allocation_id, schedule_id, seat_id, status) VALUES (49, 1, 51, 'AVAILABLE');
INSERT INTO seat (seat_id, coach_id, seat_no, seat_class) VALUES (52, 2, '6E', 'SECOND_CLASS');
INSERT INTO seat_allocation (allocation_id, schedule_id, seat_id, status) VALUES (50, 1, 52, 'AVAILABLE');
INSERT INTO seat (seat_id, coach_id, seat_no, seat_class) VALUES (53, 2, '6F', 'SECOND_CLASS');
INSERT INTO seat_allocation (allocation_id, schedule_id, seat_id, status) VALUES (51, 1, 53, 'AVAILABLE');
INSERT INTO seat (seat_id, coach_id, seat_no, seat_class) VALUES (54, 2, '7A', 'SECOND_CLASS');
INSERT INTO seat_allocation (allocation_id, schedule_id, seat_id, status) VALUES (52, 1, 54, 'AVAILABLE');
INSERT INTO seat (seat_id, coach_id, seat_no, seat_class) VALUES (55, 2, '7B', 'SECOND_CLASS');
INSERT INTO seat_allocation (allocation_id, schedule_id, seat_id, status) VALUES (53, 1, 55, 'AVAILABLE');
INSERT INTO seat (seat_id, coach_id, seat_no, seat_class) VALUES (56, 2, '7C', 'SECOND_CLASS');
INSERT INTO seat_allocation (allocation_id, schedule_id, seat_id, status) VALUES (54, 1, 56, 'AVAILABLE');
INSERT INTO seat (seat_id, coach_id, seat_no, seat_class) VALUES (57, 2, '7E', 'SECOND_CLASS');
INSERT INTO seat_allocation (allocation_id, schedule_id, seat_id, status) VALUES (55, 1, 57, 'AVAILABLE');
INSERT INTO seat (seat_id, coach_id, seat_no, seat_class) VALUES (58, 2, '7F', 'SECOND_CLASS');
INSERT INTO seat_allocation (allocation_id, schedule_id, seat_id, status) VALUES (56, 1, 58, 'AVAILABLE');
INSERT INTO seat (seat_id, coach_id, seat_no, seat_class) VALUES (59, 2, '8A', 'SECOND_CLASS');
INSERT INTO seat_allocation (allocation_id, schedule_id, seat_id, status) VALUES (57, 1, 59, 'AVAILABLE');
INSERT INTO seat (seat_id, coach_id, seat_no, seat_class) VALUES (60, 2, '8B', 'SECOND_CLASS');
INSERT INTO seat_allocation (allocation_id, schedule_id, seat_id, status) VALUES (58, 1, 60, 'AVAILABLE');
INSERT INTO seat (seat_id, coach_id, seat_no, seat_class) VALUES (61, 2, '8C', 'SECOND_CLASS');
INSERT INTO seat_allocation (allocation_id, schedule_id, seat_id, status) VALUES (59, 1, 61, 'AVAILABLE');
INSERT INTO seat (seat_id, coach_id, seat_no, seat_class) VALUES (62, 2, '8E', 'SECOND_CLASS');
INSERT INTO seat_allocation (allocation_id, schedule_id, seat_id, status) VALUES (60, 1, 62, 'AVAILABLE');
INSERT INTO seat (seat_id, coach_id, seat_no, seat_class) VALUES (63, 2, '8F', 'SECOND_CLASS');
INSERT INTO seat_allocation (allocation_id, schedule_id, seat_id, status) VALUES (61, 1, 63, 'AVAILABLE');
INSERT INTO seat (seat_id, coach_id, seat_no, seat_class) VALUES (64, 2, '9A', 'SECOND_CLASS');
INSERT INTO seat_allocation (allocation_id, schedule_id, seat_id, status) VALUES (62, 1, 64, 'AVAILABLE');
INSERT INTO seat (seat_id, coach_id, seat_no, seat_class) VALUES (65, 2, '9B', 'SECOND_CLASS');
INSERT INTO seat_allocation (allocation_id, schedule_id, seat_id, status) VALUES (63, 1, 65, 'AVAILABLE');
INSERT INTO seat (seat_id, coach_id, seat_no, seat_class) VALUES (66, 2, '9C', 'SECOND_CLASS');
INSERT INTO seat_allocation (allocation_id, schedule_id, seat_id, status) VALUES (64, 1, 66, 'AVAILABLE');
INSERT INTO seat (seat_id, coach_id, seat_no, seat_class) VALUES (67, 2, '9E', 'SECOND_CLASS');
INSERT INTO seat_allocation (allocation_id, schedule_id, seat_id, status) VALUES (65, 1, 67, 'AVAILABLE');
INSERT INTO seat (seat_id, coach_id, seat_no, seat_class) VALUES (68, 2, '9F', 'SECOND_CLASS');
INSERT INTO seat_allocation (allocation_id, schedule_id, seat_id, status) VALUES (66, 1, 68, 'AVAILABLE');
INSERT INTO seat (seat_id, coach_id, seat_no, seat_class) VALUES (69, 2, '10A', 'SECOND_CLASS');
INSERT INTO seat_allocation (allocation_id, schedule_id, seat_id, status) VALUES (67, 1, 69, 'AVAILABLE');
INSERT INTO seat (seat_id, coach_id, seat_no, seat_class) VALUES (70, 2, '10B', 'SECOND_CLASS');
INSERT INTO seat_allocation (allocation_id, schedule_id, seat_id, status) VALUES (68, 1, 70, 'AVAILABLE');
INSERT INTO seat (seat_id, coach_id, seat_no, seat_class) VALUES (71, 2, '10C', 'SECOND_CLASS');
INSERT INTO seat_allocation (allocation_id, schedule_id, seat_id, status) VALUES (69, 1, 71, 'AVAILABLE');
INSERT INTO seat (seat_id, coach_id, seat_no, seat_class) VALUES (72, 2, '10E', 'SECOND_CLASS');
INSERT INTO seat_allocation (allocation_id, schedule_id, seat_id, status) VALUES (70, 1, 72, 'AVAILABLE');
INSERT INTO seat (seat_id, coach_id, seat_no, seat_class) VALUES (73, 2, '10F', 'SECOND_CLASS');
INSERT INTO seat_allocation (allocation_id, schedule_id, seat_id, status) VALUES (71, 1, 73, 'AVAILABLE');
INSERT INTO coach (coach_id, schedule_id, coach_no, coach_type, seat_count) VALUES (4, 2, 'C1', 'FIRST_CLASS', 20);
INSERT INTO seat (seat_id, coach_id, seat_no, seat_class) VALUES (74, 4, '1A', 'FIRST_CLASS');
INSERT INTO seat_allocation (allocation_id, schedule_id, seat_id, status) VALUES (72, 2, 74, 'AVAILABLE');
INSERT INTO seat (seat_id, coach_id, seat_no, seat_class) VALUES (75, 4, '1C', 'FIRST_CLASS');
INSERT INTO seat_allocation (allocation_id, schedule_id, seat_id, status) VALUES (73, 2, 75, 'AVAILABLE');
INSERT INTO seat (seat_id, coach_id, seat_no, seat_class) VALUES (76, 4, '1D', 'FIRST_CLASS');
INSERT INTO seat_allocation (allocation_id, schedule_id, seat_id, status) VALUES (74, 2, 76, 'AVAILABLE');
INSERT INTO seat (seat_id, coach_id, seat_no, seat_class) VALUES (77, 4, '1F', 'FIRST_CLASS');
INSERT INTO seat_allocation (allocation_id, schedule_id, seat_id, status) VALUES (75, 2, 77, 'AVAILABLE');
INSERT INTO seat (seat_id, coach_id, seat_no, seat_class) VALUES (78, 4, '2A', 'FIRST_CLASS');
INSERT INTO seat_allocation (allocation_id, schedule_id, seat_id, status) VALUES (76, 2, 78, 'AVAILABLE');
INSERT INTO seat (seat_id, coach_id, seat_no, seat_class) VALUES (79, 4, '2C', 'FIRST_CLASS');
INSERT INTO seat_allocation (allocation_id, schedule_id, seat_id, status) VALUES (77, 2, 79, 'AVAILABLE');
INSERT INTO seat (seat_id, coach_id, seat_no, seat_class) VALUES (80, 4, '2D', 'FIRST_CLASS');
INSERT INTO seat_allocation (allocation_id, schedule_id, seat_id, status) VALUES (78, 2, 80, 'AVAILABLE');
INSERT INTO seat (seat_id, coach_id, seat_no, seat_class) VALUES (81, 4, '2F', 'FIRST_CLASS');
INSERT INTO seat_allocation (allocation_id, schedule_id, seat_id, status) VALUES (79, 2, 81, 'AVAILABLE');
INSERT INTO seat (seat_id, coach_id, seat_no, seat_class) VALUES (82, 4, '3A', 'FIRST_CLASS');
INSERT INTO seat_allocation (allocation_id, schedule_id, seat_id, status) VALUES (80, 2, 82, 'AVAILABLE');
INSERT INTO seat (seat_id, coach_id, seat_no, seat_class) VALUES (83, 4, '3C', 'FIRST_CLASS');
INSERT INTO seat_allocation (allocation_id, schedule_id, seat_id, status) VALUES (81, 2, 83, 'AVAILABLE');
INSERT INTO seat (seat_id, coach_id, seat_no, seat_class) VALUES (84, 4, '3D', 'FIRST_CLASS');
INSERT INTO seat_allocation (allocation_id, schedule_id, seat_id, status) VALUES (82, 2, 84, 'AVAILABLE');
INSERT INTO seat (seat_id, coach_id, seat_no, seat_class) VALUES (85, 4, '3F', 'FIRST_CLASS');
INSERT INTO seat_allocation (allocation_id, schedule_id, seat_id, status) VALUES (83, 2, 85, 'AVAILABLE');
INSERT INTO seat (seat_id, coach_id, seat_no, seat_class) VALUES (86, 4, '4A', 'FIRST_CLASS');
INSERT INTO seat_allocation (allocation_id, schedule_id, seat_id, status) VALUES (84, 2, 86, 'AVAILABLE');
INSERT INTO seat (seat_id, coach_id, seat_no, seat_class) VALUES (87, 4, '4C', 'FIRST_CLASS');
INSERT INTO seat_allocation (allocation_id, schedule_id, seat_id, status) VALUES (85, 2, 87, 'AVAILABLE');
INSERT INTO seat (seat_id, coach_id, seat_no, seat_class) VALUES (88, 4, '4D', 'FIRST_CLASS');
INSERT INTO seat_allocation (allocation_id, schedule_id, seat_id, status) VALUES (86, 2, 88, 'AVAILABLE');
INSERT INTO seat (seat_id, coach_id, seat_no, seat_class) VALUES (89, 4, '4F', 'FIRST_CLASS');
INSERT INTO seat_allocation (allocation_id, schedule_id, seat_id, status) VALUES (87, 2, 89, 'AVAILABLE');
INSERT INTO seat (seat_id, coach_id, seat_no, seat_class) VALUES (90, 4, '5A', 'FIRST_CLASS');
INSERT INTO seat_allocation (allocation_id, schedule_id, seat_id, status) VALUES (88, 2, 90, 'AVAILABLE');
INSERT INTO seat (seat_id, coach_id, seat_no, seat_class) VALUES (91, 4, '5C', 'FIRST_CLASS');
INSERT INTO seat_allocation (allocation_id, schedule_id, seat_id, status) VALUES (89, 2, 91, 'AVAILABLE');
INSERT INTO seat (seat_id, coach_id, seat_no, seat_class) VALUES (92, 4, '5D', 'FIRST_CLASS');
INSERT INTO seat_allocation (allocation_id, schedule_id, seat_id, status) VALUES (90, 2, 92, 'AVAILABLE');
INSERT INTO seat (seat_id, coach_id, seat_no, seat_class) VALUES (93, 4, '5F', 'FIRST_CLASS');
INSERT INTO seat_allocation (allocation_id, schedule_id, seat_id, status) VALUES (91, 2, 93, 'AVAILABLE');
INSERT INTO coach (coach_id, schedule_id, coach_no, coach_type, seat_count) VALUES (5, 2, 'C2', 'SECOND_CLASS', 50);
INSERT INTO seat (seat_id, coach_id, seat_no, seat_class) VALUES (94, 5, '1A', 'SECOND_CLASS');
INSERT INTO seat_allocation (allocation_id, schedule_id, seat_id, status) VALUES (92, 2, 94, 'AVAILABLE');
INSERT INTO seat (seat_id, coach_id, seat_no, seat_class) VALUES (95, 5, '1B', 'SECOND_CLASS');
INSERT INTO seat_allocation (allocation_id, schedule_id, seat_id, status) VALUES (93, 2, 95, 'AVAILABLE');
INSERT INTO seat (seat_id, coach_id, seat_no, seat_class) VALUES (96, 5, '1C', 'SECOND_CLASS');
INSERT INTO seat_allocation (allocation_id, schedule_id, seat_id, status) VALUES (94, 2, 96, 'AVAILABLE');
INSERT INTO seat (seat_id, coach_id, seat_no, seat_class) VALUES (97, 5, '1E', 'SECOND_CLASS');
INSERT INTO seat_allocation (allocation_id, schedule_id, seat_id, status) VALUES (95, 2, 97, 'AVAILABLE');
INSERT INTO seat (seat_id, coach_id, seat_no, seat_class) VALUES (98, 5, '1F', 'SECOND_CLASS');
INSERT INTO seat_allocation (allocation_id, schedule_id, seat_id, status) VALUES (96, 2, 98, 'AVAILABLE');
INSERT INTO seat (seat_id, coach_id, seat_no, seat_class) VALUES (99, 5, '2A', 'SECOND_CLASS');
INSERT INTO seat_allocation (allocation_id, schedule_id, seat_id, status) VALUES (97, 2, 99, 'AVAILABLE');
INSERT INTO seat (seat_id, coach_id, seat_no, seat_class) VALUES (100, 5, '2B', 'SECOND_CLASS');
INSERT INTO seat_allocation (allocation_id, schedule_id, seat_id, status) VALUES (98, 2, 100, 'AVAILABLE');
INSERT INTO seat (seat_id, coach_id, seat_no, seat_class) VALUES (101, 5, '2C', 'SECOND_CLASS');
INSERT INTO seat_allocation (allocation_id, schedule_id, seat_id, status) VALUES (99, 2, 101, 'AVAILABLE');
INSERT INTO seat (seat_id, coach_id, seat_no, seat_class) VALUES (102, 5, '2E', 'SECOND_CLASS');
INSERT INTO seat_allocation (allocation_id, schedule_id, seat_id, status) VALUES (100, 2, 102, 'AVAILABLE');
INSERT INTO seat (seat_id, coach_id, seat_no, seat_class) VALUES (103, 5, '2F', 'SECOND_CLASS');
INSERT INTO seat_allocation (allocation_id, schedule_id, seat_id, status) VALUES (101, 2, 103, 'AVAILABLE');
INSERT INTO seat (seat_id, coach_id, seat_no, seat_class) VALUES (104, 5, '3A', 'SECOND_CLASS');
INSERT INTO seat_allocation (allocation_id, schedule_id, seat_id, status) VALUES (102, 2, 104, 'AVAILABLE');
INSERT INTO seat (seat_id, coach_id, seat_no, seat_class) VALUES (105, 5, '3B', 'SECOND_CLASS');
INSERT INTO seat_allocation (allocation_id, schedule_id, seat_id, status) VALUES (103, 2, 105, 'AVAILABLE');
INSERT INTO seat (seat_id, coach_id, seat_no, seat_class) VALUES (106, 5, '3C', 'SECOND_CLASS');
INSERT INTO seat_allocation (allocation_id, schedule_id, seat_id, status) VALUES (104, 2, 106, 'AVAILABLE');
INSERT INTO seat (seat_id, coach_id, seat_no, seat_class) VALUES (107, 5, '3E', 'SECOND_CLASS');
INSERT INTO seat_allocation (allocation_id, schedule_id, seat_id, status) VALUES (105, 2, 107, 'AVAILABLE');
INSERT INTO seat (seat_id, coach_id, seat_no, seat_class) VALUES (108, 5, '3F', 'SECOND_CLASS');
INSERT INTO seat_allocation (allocation_id, schedule_id, seat_id, status) VALUES (106, 2, 108, 'AVAILABLE');
INSERT INTO seat (seat_id, coach_id, seat_no, seat_class) VALUES (109, 5, '4A', 'SECOND_CLASS');
INSERT INTO seat_allocation (allocation_id, schedule_id, seat_id, status) VALUES (107, 2, 109, 'AVAILABLE');
INSERT INTO seat (seat_id, coach_id, seat_no, seat_class) VALUES (110, 5, '4B', 'SECOND_CLASS');
INSERT INTO seat_allocation (allocation_id, schedule_id, seat_id, status) VALUES (108, 2, 110, 'AVAILABLE');
INSERT INTO seat (seat_id, coach_id, seat_no, seat_class) VALUES (111, 5, '4C', 'SECOND_CLASS');
INSERT INTO seat_allocation (allocation_id, schedule_id, seat_id, status) VALUES (109, 2, 111, 'AVAILABLE');
INSERT INTO seat (seat_id, coach_id, seat_no, seat_class) VALUES (112, 5, '4E', 'SECOND_CLASS');
INSERT INTO seat_allocation (allocation_id, schedule_id, seat_id, status) VALUES (110, 2, 112, 'AVAILABLE');
INSERT INTO seat (seat_id, coach_id, seat_no, seat_class) VALUES (113, 5, '4F', 'SECOND_CLASS');
INSERT INTO seat_allocation (allocation_id, schedule_id, seat_id, status) VALUES (111, 2, 113, 'AVAILABLE');
INSERT INTO seat (seat_id, coach_id, seat_no, seat_class) VALUES (114, 5, '5A', 'SECOND_CLASS');
INSERT INTO seat_allocation (allocation_id, schedule_id, seat_id, status) VALUES (112, 2, 114, 'AVAILABLE');
INSERT INTO seat (seat_id, coach_id, seat_no, seat_class) VALUES (115, 5, '5B', 'SECOND_CLASS');
INSERT INTO seat_allocation (allocation_id, schedule_id, seat_id, status) VALUES (113, 2, 115, 'AVAILABLE');
INSERT INTO seat (seat_id, coach_id, seat_no, seat_class) VALUES (116, 5, '5C', 'SECOND_CLASS');
INSERT INTO seat_allocation (allocation_id, schedule_id, seat_id, status) VALUES (114, 2, 116, 'AVAILABLE');
INSERT INTO seat (seat_id, coach_id, seat_no, seat_class) VALUES (117, 5, '5E', 'SECOND_CLASS');
INSERT INTO seat_allocation (allocation_id, schedule_id, seat_id, status) VALUES (115, 2, 117, 'AVAILABLE');
INSERT INTO seat (seat_id, coach_id, seat_no, seat_class) VALUES (118, 5, '5F', 'SECOND_CLASS');
INSERT INTO seat_allocation (allocation_id, schedule_id, seat_id, status) VALUES (116, 2, 118, 'AVAILABLE');
INSERT INTO seat (seat_id, coach_id, seat_no, seat_class) VALUES (119, 5, '6A', 'SECOND_CLASS');
INSERT INTO seat_allocation (allocation_id, schedule_id, seat_id, status) VALUES (117, 2, 119, 'AVAILABLE');
INSERT INTO seat (seat_id, coach_id, seat_no, seat_class) VALUES (120, 5, '6B', 'SECOND_CLASS');
INSERT INTO seat_allocation (allocation_id, schedule_id, seat_id, status) VALUES (118, 2, 120, 'AVAILABLE');
INSERT INTO seat (seat_id, coach_id, seat_no, seat_class) VALUES (121, 5, '6C', 'SECOND_CLASS');
INSERT INTO seat_allocation (allocation_id, schedule_id, seat_id, status) VALUES (119, 2, 121, 'AVAILABLE');
INSERT INTO seat (seat_id, coach_id, seat_no, seat_class) VALUES (122, 5, '6E', 'SECOND_CLASS');
INSERT INTO seat_allocation (allocation_id, schedule_id, seat_id, status) VALUES (120, 2, 122, 'AVAILABLE');
INSERT INTO seat (seat_id, coach_id, seat_no, seat_class) VALUES (123, 5, '6F', 'SECOND_CLASS');
INSERT INTO seat_allocation (allocation_id, schedule_id, seat_id, status) VALUES (121, 2, 123, 'AVAILABLE');
INSERT INTO seat (seat_id, coach_id, seat_no, seat_class) VALUES (124, 5, '7A', 'SECOND_CLASS');
INSERT INTO seat_allocation (allocation_id, schedule_id, seat_id, status) VALUES (122, 2, 124, 'AVAILABLE');
INSERT INTO seat (seat_id, coach_id, seat_no, seat_class) VALUES (125, 5, '7B', 'SECOND_CLASS');
INSERT INTO seat_allocation (allocation_id, schedule_id, seat_id, status) VALUES (123, 2, 125, 'AVAILABLE');
INSERT INTO seat (seat_id, coach_id, seat_no, seat_class) VALUES (126, 5, '7C', 'SECOND_CLASS');
INSERT INTO seat_allocation (allocation_id, schedule_id, seat_id, status) VALUES (124, 2, 126, 'AVAILABLE');
INSERT INTO seat (seat_id, coach_id, seat_no, seat_class) VALUES (127, 5, '7E', 'SECOND_CLASS');
INSERT INTO seat_allocation (allocation_id, schedule_id, seat_id, status) VALUES (125, 2, 127, 'AVAILABLE');
INSERT INTO seat (seat_id, coach_id, seat_no, seat_class) VALUES (128, 5, '7F', 'SECOND_CLASS');
INSERT INTO seat_allocation (allocation_id, schedule_id, seat_id, status) VALUES (126, 2, 128, 'AVAILABLE');
INSERT INTO seat (seat_id, coach_id, seat_no, seat_class) VALUES (129, 5, '8A', 'SECOND_CLASS');
INSERT INTO seat_allocation (allocation_id, schedule_id, seat_id, status) VALUES (127, 2, 129, 'AVAILABLE');
INSERT INTO seat (seat_id, coach_id, seat_no, seat_class) VALUES (130, 5, '8B', 'SECOND_CLASS');
INSERT INTO seat_allocation (allocation_id, schedule_id, seat_id, status) VALUES (128, 2, 130, 'AVAILABLE');
INSERT INTO seat (seat_id, coach_id, seat_no, seat_class) VALUES (131, 5, '8C', 'SECOND_CLASS');
INSERT INTO seat_allocation (allocation_id, schedule_id, seat_id, status) VALUES (129, 2, 131, 'AVAILABLE');
INSERT INTO seat (seat_id, coach_id, seat_no, seat_class) VALUES (132, 5, '8E', 'SECOND_CLASS');
INSERT INTO seat_allocation (allocation_id, schedule_id, seat_id, status) VALUES (130, 2, 132, 'AVAILABLE');
INSERT INTO seat (seat_id, coach_id, seat_no, seat_class) VALUES (133, 5, '8F', 'SECOND_CLASS');
INSERT INTO seat_allocation (allocation_id, schedule_id, seat_id, status) VALUES (131, 2, 133, 'AVAILABLE');
INSERT INTO seat (seat_id, coach_id, seat_no, seat_class) VALUES (134, 5, '9A', 'SECOND_CLASS');
INSERT INTO seat_allocation (allocation_id, schedule_id, seat_id, status) VALUES (132, 2, 134, 'AVAILABLE');
INSERT INTO seat (seat_id, coach_id, seat_no, seat_class) VALUES (135, 5, '9B', 'SECOND_CLASS');
INSERT INTO seat_allocation (allocation_id, schedule_id, seat_id, status) VALUES (133, 2, 135, 'AVAILABLE');
INSERT INTO seat (seat_id, coach_id, seat_no, seat_class) VALUES (136, 5, '9C', 'SECOND_CLASS');
INSERT INTO seat_allocation (allocation_id, schedule_id, seat_id, status) VALUES (134, 2, 136, 'AVAILABLE');
INSERT INTO seat (seat_id, coach_id, seat_no, seat_class) VALUES (137, 5, '9E', 'SECOND_CLASS');
INSERT INTO seat_allocation (allocation_id, schedule_id, seat_id, status) VALUES (135, 2, 137, 'AVAILABLE');
INSERT INTO seat (seat_id, coach_id, seat_no, seat_class) VALUES (138, 5, '9F', 'SECOND_CLASS');
INSERT INTO seat_allocation (allocation_id, schedule_id, seat_id, status) VALUES (136, 2, 138, 'AVAILABLE');
INSERT INTO seat (seat_id, coach_id, seat_no, seat_class) VALUES (139, 5, '10A', 'SECOND_CLASS');
INSERT INTO seat_allocation (allocation_id, schedule_id, seat_id, status) VALUES (137, 2, 139, 'AVAILABLE');
INSERT INTO seat (seat_id, coach_id, seat_no, seat_class) VALUES (140, 5, '10B', 'SECOND_CLASS');
INSERT INTO seat_allocation (allocation_id, schedule_id, seat_id, status) VALUES (138, 2, 140, 'AVAILABLE');
INSERT INTO seat (seat_id, coach_id, seat_no, seat_class) VALUES (141, 5, '10C', 'SECOND_CLASS');
INSERT INTO seat_allocation (allocation_id, schedule_id, seat_id, status) VALUES (139, 2, 141, 'AVAILABLE');
INSERT INTO seat (seat_id, coach_id, seat_no, seat_class) VALUES (142, 5, '10E', 'SECOND_CLASS');
INSERT INTO seat_allocation (allocation_id, schedule_id, seat_id, status) VALUES (140, 2, 142, 'AVAILABLE');
INSERT INTO seat (seat_id, coach_id, seat_no, seat_class) VALUES (143, 5, '10F', 'SECOND_CLASS');
INSERT INTO seat_allocation (allocation_id, schedule_id, seat_id, status) VALUES (141, 2, 143, 'AVAILABLE');
COMMIT;